date,broker,amount,costs,net_amount
2022-01-01,Acme,100.0,1.4,101.4
2022-01-15,Acme,96.0,0.86,96.86
2022-01-15,Acme,104.0,0.94,104.94
2022-01-31,Acme,100.0,1.07,98.93
2022-01-31,Acme,50.0,0.53,50.53
2022-02-01,Acme,100.0,0.9,100.9
2022-02-01,Acme,100.0,0.9,100.9
2022-02-15,Acme,100.0,1.4,101.4
2022-02-28,Ajax,20.0,0.16,20.16
2022-02-28,Ajax,100.0,0.82,100.82
2022-02-28,Acme,40.0,1.22,38.78
2022-03-01,Acme,80.0,1.34,78.66
2022-03-15,Acme,100.0,1.4,101.4
