date,broker,symbol,type,quantity,price
2022-01-01,Acme,AAA,buy,8,12.5
2022-01-15,Acme,AAA,buy,8,12.0
2022-01-15,Acme,BBB,buy,10,10.4
2022-01-31,Acme,AAA,sell,5,20.0
2022-01-31,Acme,BBB,buy,5,10.0
2022-02-01,Acme,CCC,buy,10,10.0
2022-02-01,Acme,DDD,buy,20,5.0
2022-02-15,Acme,BBB,buy,8,12.5
2022-02-28,Ajax,EEE,buy,1,20.0
2022-02-28,Ajax,FFF,buy,10,10.0
2022-02-28,Acme,AAA,sell,4,10.0
2022-03-01,Acme,AAA,sell,5,16.0
2022-03-15,Acme,FFF,buy,16,6.25
