date,broker,amount,costs,net_amount,price,quantity,symbol,type,event,description,end,exercised,issue_date,settlement,shares,start,ratio,acquirer,new_company,cost_basis
2022-01-01,Acme,100.0,1.4,101.4,12.5,8.0,AAA,buy,trade,,,,,,,,,,,
2022-01-01,Acme,,,4509.0,50.1,,ABC3,,subscription,4th subs,2022-01-10,90.0,2022-01-15,2022-01-11,100.0,2022-01-01,,,,
2022-01-15,Acme,96.0,0.86,96.86,12.0,8.0,AAA,buy,trade,,,,,,,,,,,
2022-01-15,Acme,104.0,0.94,104.94,10.4,10.0,BBB,buy,trade,,,,,,,,,,,
2022-01-31,Acme,100.0,1.07,98.93,20.0,5.0,AAA,sell,trade,,,,,,,,,,,
2022-01-31,Acme,50.0,0.53,50.53,10.0,5.0,BBB,buy,trade,,,,,,,,,,,
2022-02-01,Acme,100.0,0.9,100.9,10.0,10.0,CCC,buy,trade,,,,,,,,,,,
2022-02-01,Acme,100.0,0.9,100.9,5.0,20.0,DDD,buy,trade,,,,,,,,,,,
2022-02-15,Acme,100.0,1.4,101.4,12.5,8.0,BBB,buy,trade,,,,,,,,,,,
2022-02-15,,,,,,,CCC,,split,,,,,,,,10:1,,,
